product_name,price
"Ecostar AC 1 Ton Inverter Emperor Series ES-12EM01WS SA Plus",117900.00
"Dawlance Econo+ X 1 Ton Inverter Split AC",132799.00
"Dawlance Split AC Mega T-Pro 15 Inverter Split AC",144999.00
"Dawlance Elegance Pro 15 Inverter Split AC 1 Ton",141399.00
"Enviro Air Conditioner (Thunder Series) Model EAC-12 QY-DC",134499.00
"Dawlance Avante Inverter 30 (Classic Maroon)-WB Inverter Split AC",168549.00
"Boss Commercial Air Cooler ECM 10000",39999.00
"Boss Air Cooler ECM 7000 Ice Box (XL+) Blue",32999.00
"Boss Air Cooler ECM 9000 Ice Box",36999.00
"Panasonic Iron NI-317T",9999.00
"Westpoint Dry Iron WF-78B",5999.00
"Dawlance Dry Iron DWDI-1020 White",6599.00
"Dawlance DWDI 1020 Black Dry Iron",7199.00
"Panasonic Dry Iron NI22AWT (Malaysia)",8899.00
"Panasonic Garment Steamers NI-GSE040",29999.00
"Westpoint Steam Iron WF-2020",8499.00
"Philips Steam Iron DST7012/76",22749.00
"Westpoint Handy Garment Steamer WF-1153",7659.00
"Dawlance DWMO 2113 C Mini Oven",16999.00
"Dawlance MD 10 Heating Microwave Oven",22499.00
"Dawlance MD-7 Heating Microwave Oven",23000.00
"Dawlance MWO DW-133-G Grilling Microwave Oven",38999.00
"Dawlance W 395 HCG Grilling Microwave Oven",39499.00
"Dawlance DW 131 HP Grilling Microwave Oven",40000.00
"Westpoint Convection Rotisserie Oven With Kebab Grill WF-6300RKC",41049.00
"Westpoint Power Air Fryer Oven WF-5258",41369.00
"Dawlance DW 136 G Grilling Microwave Oven",40149.00
"Ecostar Microwave Oven 42 Ltrs - EM-4201SDG",45359.00
"Dawlance DW 115 CHZP Baking Microwave Oven",44619.00
"Ecostar Water Dispenser 16 Ltrs - WD-300F",21679.00
"Homage Water Dispenser HWD-49332 P (Plastic, 3 Tap With Ref)",35999.00
"Dawlance Water Dispenser WD 1060 White Without Refrigerator",37549.00
"Dawlance Water Dispenser WD-1051",43399.00
"Braun Tribute Collection Food Processor FP 3020",29619.00
"Dawlance Juicer DWHJ-4002 B",20199.00
"Dawlance DWHJ 8002 I Juicer",17719.00
"Kenwood CH185A Mini Chopper Hand Mixer",8949.00
"Philips Food Processor HR7320/00",26499.00
"Dawlance Food Processor DWFP-8270 B",23999.00
"Westpoint Food Processor - WF-1851 - White",19089.00
"Braun Pureease Food Processor FP 3132 BK",26839.00
"Braun Purease Chopper 2 In 1 FP 3131 WH",29469.00
"Kenwood Multipro Express Food Processor Model FDP65.750WH",46309.00
"Braun Multiquick 3 Hand Blender MQ 3038 Spice",16639.00
"Panasonic MJ-M176P (3 In 1) Juicer, Blender, Grinder",39999.00
"Westpoint Deluxe Meat Grinder WF-1036",18359.00
"Westpoint Kitchen Robot WF-497C",13499.00
"Braun Pureease Chopper 3 In 1 FP 3132 BK",38999.00
"Westpoint Chopper WF-1070",7299.00
"Philips Blender Core HR2222/00",29999.00
"Ecostar Table Blender (Plastic) 2 In 1 - EH-BL210-W",6900.00
"Dawlance DWFP 5240 W Food Processor",17679.00
"Westpoint Hand Blender WF-9213",4899.00
"Westpoint Hand Blender 3 In 1 WF-9816",9299.00
"Braun Multiquick 1 Hand Blender MQ 120 Pesto",11139.00
"Braun Multiquick 5 Vario Hand Blender MQ 5200 WH",11679.00
"Philips Hand Blender HR2534/00",14999.00
"Boss Square Shape Spin Dryer Machine KE 5500-BS-S (Steel Spinner) 12-Kg",22499.00
"Boss Twin Tub Washing Machine KE-8500-BS (White)",34499.00
"Ecostar EW-F9502 DC Fully Automatic Washing Machine 9Kg",79999.00
"Dawlance DWT 1165 PL E-Care Top Load Washing Machine",85999.00
"Haier - 12Kg - HWM 120-1789 Fully Automatic Top Load Washing Machine - Grey",90949.00
"Haier HWM-80AS Semi Automatic Washing Machine Twin Tub 8 Kg",28999.00
"Haier 100AS-Twin Tub-Haier Pakistan",37499.00
"Boss Large Capacity Washing Machine 15000-BS-S (Steel Spinner)",44499.00
"Homage Washing Machine HW-49112 Plastic 11 Kg",37100.00
"Dawlance DWT 1167 FLP CGlow Top Load Washing Machine",79999.00
"Dawlance DWT 260 C LVS+ Top Load Washing Machine",79999.00
"Ecostar Washing Machine Smart Touch",94999.00
"Ecostar Washing Machine Soft Press",91900.00
"Ecostar 32 Inch CX-32U576 A+ Sound Pro HD LED TV",39900.00
"Ecostar 55 Inches QLED Android 11 4K UHD Frameless TV",149999.00
"Haier 43 Inch 4K UHD Google LED H43K800UX (K800 Series)",92900.00
"Dawlance Canvas Series Android TV 43" G3A",86999.00
"Dawlance Canvas Series Android TV 55" G3A",144999.00
"Haier QLED H50P7UX 50"",124999.00
"Haier 43 Inch Bezel Less QLED UHD Google TV",109900.00
"Sony KD-55X75K K Ultra HD Smart LED Google TV",214999.00
"Sony 65X75K 4K UHD",296999.00
"Sony Bravia KD-55X81K 55‚Äù 4K HDR Google TV",265999.00
"Ecostar CX-55UD963 55 Inch Smart 4K UHD LED TV",136999.00
"Ecostar 40 Inch 4K Smart LED CX-40U871 A+",69299.00
"Dawlance Canvas Series Android TV 50" G3A",114999.00
"TCL 43" P635 UHD Android TV",92999.00
"Infinix Smart 8 (4GB-64GB)",24000.00
"Infinix Smart 7 HD (64GB + 2GB)",19999.00
"Xiaomi Redmi A3",24499.00
"Oppo-A-16E 4GB/64GB-Blue",44999.00
"Oppo Reno 11F",80000.00
"Samsung A04 4+64 Copper",32999.00
"Samsung A04 3+32",28999.00
"Samsung A04 4+64 Black",32999.00
"Samsung A24 6+128",67999.00
"Samsung A14 4+128",53499.00
"Samsung A05S (6GB/ 128GB)",44999.00
"Samsung A04E 3GB+64GB",31499.00
"Samsung A05 (6GB/128GB) GB-Black-Light Green-Silver",34599.00
"Dawlance 7033",8699.00
"Panasonic Hair Straightening EH-HV11",8199.00
"Philips Hair Clipper Series 3000 - HC3505/15",5999.00
"Remington Keratin Therapy Pro Hair Straightener S8590",14499.00
"Westpoint Foot Massager WF-3870",9199.00
"Dawlance Men's Trimmer Zeus DWMC 8030",12699.00
"Dawlance Hair Straightener Botanika DWHS 7031",8699.00
"Dawlance Men's Grooming Kit Zeus DWMGK 9030",15999.00
"Westpoint Hair Curler & Straightener WF-6811",5865.00
"Dawlance Hair Straightener DWHS 7030",8549.00
"Dawlance Shaver DWMC 9030 Zeus",11789.00
"Remington S1450 Hair Straightener",6999.00
"Remington CB7400 Hair Straight Brush",10529.00
"Westpoint TWS Earbuds WP-100",4749.00
"Westpoint TWS Earbuds WP-105",5449.00
"Westpoint TWS Earbuds WP-110",5999.00
"Ronin R-570 Earbuds",8260.00
"Ronin R-520 Earbuds",7590.00
"Ronin R-960 / R960 / R 960 Smart_Pods Wireless Earphone",6549.00
"Ronin R-860 Gaming Earpods",6549.00
"Faster RB200 Rebirth Wireless Stereo Earbuds",8099.00
"Faster TG550 Gaming Earbuds",6549.00
"Faster TG300 Gaming Earbuds",7999.00
"Audionic V8 Bluetooth Wireless Headset Business Headset",3499.00
"Ronin R480 Ronin Business Class Bluetooth",5349.00
"Faster E10 ENC Mono Clip On Wireless Stereo Headset",2399.00
"Audionic Signature S-300 Neckband",4325.00
"Audionic Supreme X-10 Wireless Neckband",4174.00
"Westpoint Sport Earphone WP-150",2999.00
"Westpoint WP-155 Sport Earphones",2699.00
"Audionic Classic-7.7",49999.00
"Audionic Monster MS100 2.0 Channel Multimedia BT Tower Speaker",20999.00
"Faster CF-01 Classic Cubic Boombox Wireless Speaker",8149.00
"Faster Rainbow 7 Powerful Bass Wireless Speaker",6599.00
"Faster Rainbow 4S Portable Wireless Speaker 10W",4199.00
"Faster G1000 RGB Lighting Mini Gaming Speaker With Subwoofer 20W",4049.00
"Citrosoda Orange 1Sachet Eno Lemon 1Sachet Eno Regular 1Sachet",0.00
"Arinac Plain Tablet 1Strip",0.00
"Arinac Susp 120Ml",0.00
"Arinac Forte Tablet 1Strip",127.60
"Arinac Plain Tablet 1Strip",68.60
"Arinac Susp 120Ml",153.00
"Avil 25Mg 1Strip",15.68
"Fexet D Tablet x1",235.29
"Kestin 20Mg Tablet. 1 Strip",238.00
"Kestine Liquid 30 Ml",232.00
"T-Day 5Mg Tablet 1 Strip",112.42
"Telfast 120 Mg Tablet x1",539.11
"Rigix 10Mg Tablet 1 Strip",175.00
"Rigix Oral Sol 120 Ml x1",190.00
"Softin F 180Mg Tablet x1",227.00
"Softin F 60Mg Tablet x1",83.00
"Softin P Tablet x1",90.00
"Zyrtec Oral Susp 60Ml x1",137.39
"Zyrtec Tablet 10Mg 1 Strip",158.47
"Fexet 60Mg Tablet 1 Strip",187.51
"Fexet 120Mg Tablet 1 Strip",305.00
"Fexet 180Mg Tablet 1 Strip",367.50
"Kestine 10 Mg Tablet 1 Strip",148.65
"T-Day Syrup 90Ml X1",123.74
"Telfast 180 Mg Tablet X1",539.24
"Amclav Tablet 1G x1",267.00
"Amoxil 125Mg Syrup 90Ml x1",126.26
"Amoxil 250Mg Cap 1 Strip",97.50
"Amoxil 500Mg Caps 1 Strip",184.00
"Amoxil Forte Syrup 90Ml x1",187.25
"Ampiclox 250Mg Cap 1 Strip",81.00
"Ampiclox 250Mg Syrup 90Ml x1",227.69
"Augmentin 156.25 Syrup 90Ml x1",344.00
"Augmentin 375Mg Tablet x1",251.33
"Augmentin 457Mg Syrup 35Ml x1",214.14
"Augmentin 457Mg Syrup 70Ml x1",404.29
"Augmentin 625 Mg Tablet x1",260.58
"Azomax 250 Tablet 1 Strip",385.00
"Azomax 500 Mg Tablet 1 Strip",266.00
"Calamox 156.25 Syrup 60 Ml x1",205.44
"Calamox 1G Tablet 6'S x1",285.69
"Calpol Plus Tablet 1s",18.74
"Calpol Tabletlets 1 Strip",19.00
"Ciproxin 500Mg x1",704.00
"Ciproxin Tablet 250 Mg 10 S x1",399.99
"Erthrocin 250 Mg Tablet 1 Strip",178.00
"Flagyl 400 Mg Tablet 1 Strip",43.15
"Flagyl Infusion x1",187.50
"Flagyl Susp 120Ml x1",136.63
"Amaryl 2Mg Tablet 1 Strip",307.56
"Diamicron Mr 30 Mg Tablet x1",397.72
"Diampa 10Mg Tablet 1 Strip",220.00
"Getryl 2 Mg Tablet 1 Strip",203.95
"Getryl Tablet 1Mg 1 Strip",110.25
"Glucophage 500Mg Tablet 1 Strip",40.92
"Glucophage Xr Tablet 500 Mg 1 Strip",96.30
"Glucophage Xr 1000 Mg Tablet 1 Strip",161.67
"Sita Met Xr 50/1000Mg Tablet 1 Strip",330.33
"Sita-Met 50/850 Tablet 1 Strip",292.22
"Tagipmet 50/500Mg Tablet 1 Strip",360.00
"Tagipmet Xr 100/1000 Mg Tablet 1 Strip",440.00
"Treviamet 50/850Mg 1 Strip",291.20
"Treviamet Xr 100/1000Mg 1 Strip",385.25
"Diampa Lt 10/5 Tablet 1 Strip",267.50
"Glucophage 250Mg Tablet 1 Strip",20.70
"Glucophage Xr Tablet 750Mg 1 Strip",132.68
"Sitaglu 50Mg Tablet 1 Strip",245.00
"Amaryl 1Mg Tablet 1 Strip",155.00
"Amaryl 3 Mg Tablet 1 Strip",308.00
"Amaryl 4Mg Tablet 1 Strip",615.20
"Dapa 10Mg Tablet X1",1070.00
"Dapa Met Xr 10/1000 Mg Tablet 1 Strip",266.75
"Dapa Met Xr 5/1000 Mg Tablet 14'S 1 Strip",490.00
"Advant Tablet 16 Mg 1 Strip",262.50
"Advant Tablet 8 Mg 1 Strip",230.00
"Aldactone 100Mg Tablet x1",240.00
"Aldomet 250 Mg Tablet 1 Strip",139.40
"Am-Telsan 10/40Mg Tablet 1 Strip",264.00
"Ascard 75Mg Tablet 1 Strip",29.58
"Avsar 160/5Mg 1 Strip",247.00
"Avsar 80/5Mg 1 Strip",210.00
"Concor 2.5Mg Tablet x1",186.18
"Concor 5Mg Tablet x1",338.12
"Cotasmi 80/12.5 Mg 1 Strip",337.50
"Eziday 50Mg Tablet x1",478.00
"Inderal 10 Mg 1 Strip",77.69
"Lasix 40Mg Tablet 1 Strip",38.49
"Lipiget 10 Mg Tablet x1",948.00
"Lipiget 20 Mg Tablet x1",548.90
"Lowplat 75Mg Tablet x1",270.84
"Lowplat Plus 150 Mg Tablet x1",273.60
"Norvasc 10Mg Tablet 1 Strip",327.21
"Rolip 20Mg Tablet x1",585.00
"Rovista Ez 5+10Mg x1",284.05
"Sustac 2.6Mg Tablet x1",270.80
"Tenormin 100Mg Tablet x1",477.74
"Tenormin 25Mg Tablet x1",177.70
"Solophar Oral Spray 50Ml x1",1057.10
"Danzen 5Mg Tablet 1 Strip",96.50
"Danzen Ds Tablet 1 Strip",240.00
"Alcohal Swab 1 Piece",2.00
"Pyodine 450 Ml Solution x1",1955.00
"Tres Orix Forte 120Ml x1",300.00
"Accu-Check Active 100 Strip x1",3589.27
"Cal One-D 830Mg Tablet 1 Strip",161.00
"Montiget 10Mg Tablet 1 Strip",269.64
"Montiget 5Mg Tablet 1 Strip",232.00
"Myteka 10Mg Tablet 1 Strip",264.00
"Myteka 4Mg Tablet 1 Strip",162.00
"Myteka 5Mg Tablet 1 Strip",239.40
"Myteka Sach 4Mg 1s",34.00
"Qahi Lal Sharbat 120 Ml x1",160.00
"Cac 1000 Plus Mango T-10 x1",300.00
"Cac 1000 Plus(Cola)Tablet T-10 x1",300.00
"Cac 1000Plus Orange Tablet T-20 x1",550.00
"Cac 1000 Plus Lemon T-10 x1",300.00
"Cac 1000 Plus Mango T-20 x1",550.00
"Cac 1000 Orange T 10 X1",300.00
"Citanew 20Mg Tablet x1",684.00
"Citanew 5Mg Tablet x1",359.84
"Happy Life Delay Condoms 1 Piece",179.00
"Happy Life Rough & Tough Condoms 1 Piece",289.00
"Klimax-Performax 3'S x1",229.00
"Sathi Bs X5",150.00
"Durex Play Cherry 50Ml x1",959.00
"Durex Play Tingle 50 Ml x1",959.00
"Klimax Pleasure Mix 3'S",225.00
"Klimax Intense 3'S",145.00
"Happy Life Collection Condoms 1 Piece",99.00
"Klimax Extasy",159.00
"Klimax Sensual x1",159.00
"Klimax Ultra x1",199.00
"Klimax Extasy Plus",200.00
"Klimax Tutti Fruiti 3'S X1",110.00
"Actified P Elixir 90 Ml x1",200.00
"Britanyl Syrup 60Ml x1",69.50
"Toot Siah 240 Ml (160) x1",225.00
"Adicos Syrup 120Ml X1",150.00
"Hydryllin Dm Syrup 120Ml X1",149.00
"Acefyl Cough 60 Ml X1",79.00
"Toot Siyah Mulathi Syrup 120Ml X1",180.00
"Toot Siah 60 Ml (75) X1",105.00
"Toot Siah 120 Ml (100) X1",160.00
"Muconyl Expect 60 Ml X1",67.35
"Coferb Plus Syrup 120Ml X1",334.00
"Babynol 60 Ml X1",70.68
"Actifed Dm Cough Syrup X1",200.00
"Abocran 25mg 1s",49.69
"Cran-Max Pro 1s",57.50
"Cran-Max Aqua Syrup 120 Mlx1",474.00
"Advantan Oint 10 Gm x1",340.00
"Betaderm Cream 15Gm x1",65.24
"Betaderm Oint 15Gm x1",65.24
"Betaderm-N Cream 15Gm x1",79.00
"Betaderm-Nm Crm 10Gm x1",149.00
"Betnovate -N Cream x1",130.90
"Betnovate N Oint x1",130.90
"Daktarin Gel 20Gm x1",215.00
"Hydrozole Cream 20 G x1",271.07
"Rashnil Cream 50 Mg x1",240.00
"Somogel 20G x1",150.00
"Wintogeno Balm 50G x1",200.00
"Advacort Cream 0.1% X1",288.03
"Quench Cream 1% 15Gm X1",99.57
"Advacort Oint 5Gm X1",159.69
"Arq E Gulab 120Ml x1",75.00
"Arq E Gulab 60 Ml (45) x1",55.00
"Dermive Oil Free 100 Ml x1",998.00
"Glycerin Pure 50 Gm 1 Piece",165.00
"Glycerin Rose Water - 120Ml",290.00
"Lifestyle Olive Oil 50Ml",185.00
"Lifestyle Rose Water 800Ml",279.00
"Qahi Arq-E-Gulab 120Ml x1",89.00
"Arq E Gulab Spray 120 Mlx1",139.00
"Lifestyle Castor Oil 50Ml",149.00
"Arq E Gulab 20Ml Drop X1",35.00
"Ispaghol 140 G (390) x1",1250.00
"Ispaghol 50 Gm Husk (Hp) x1",359.00
"Ispaghol 95 Gm Husk (Hp) Jar x1",799.00
"Lifestyle Ispaghol Husk 25 Gm x1",229.00
"Lifestyle Ispaghol Husk 80Gm",1139.00
"Sani Family Pack (Med)",328.00
"Sani Swab Alcohol Pad 1 Piece",1.88
"Saniplast Square 38Mm X 38Mm x1",3.50
"Belladadona Plaster 1 Piece",20.00
"Surge Crepe - 6X4.5M X1",240.00
"Sani Plast Spot Pack 20 X1",65.00
"Digas Colic Drop 20 Ml x1",250.00
"Dijex Mp Suspension Mixed Fruit x1",117.00
"Duphalac Syrup 120Ml x1",286.53
"Gestofil 120 Ml Syrup (Hp) x1",125.00
"Laxoberon 5Mg Tablet 1 Strip",40.00
"Lomotil Tablet 500'S 1 Strip",120.00
"Motilium Susp 120Ml x1",180.00
"No-Spa 40Mg Tablet x1",231.33
"No-Spa Fort Tablet 1 Strip",172.88
"Risek Insta Sach 20 Mg 1 Strip",23.66
"Risek Insta Sach 40 Mg 1 Strip",38.16
"Ulsanic 120 Ml Syrup x1",414.74
"Digas Syrup 120Ml X1",200.00
"Digas Antacid Susp 120 Ml X1",25.00
"Esso 40Mg Caps X1",610.00
"Motilium-V Tablet X5",220.00
"Duphalac Syrup 240 Ml X1",541.01
"Entamizole Ds Tablet X1",242.00
"Entamizole Susp X1",135.00
"Enterogermina 2B 1 Vial",85.16
"Enterogermina 4B 1 Vial",145.02
"Gaviscon Advance Syrup 120Ml X1",299.00
"Gesto Tablet 100 Quhi(Hp) 1 Strip",15.00
"Gravinate 50Mg Inj 1 Injection",17.18
"Breeky Tablet x1",180.80
"Ad Folic Od 600 Mcg 1 Strip",243.33
"Ad Folic Tablet Cp 30S 1 Strip",14.50
"Qahi Johar Joshanda Chocolate 1s",75.00
"Evo Joshanda 6Gm Sach 1s",60.00
"Qahi Johar Joshanda Zinc 1s",15.00
"Cosome Lozenges Honey & Lemon 1 Strip",98.00
"Dr Koff Syrup 120 Ml With Honey x1",907.42
"Pulmonol Lozenges Honey Lemon 6'S 1 Strip",118.00
"Strepsils Orignal 1 Strip",200.00
"Surfi 250Mg Tablet 1 Strip",125.00
"Dr.Koff Cough Syrup 120Ml x1",743.00
"Nebulizer Mask - Adult x1",219.00
"Pyodine Mouth Wash 60Ml x1",250.00
"Colgate Plax Freshmint 250 Ml",469.00
"Colgate Plax Freshmint Mouthwash 500Ml",815.00
"Xynosine Saline Spray 30Ml x1",69.76
"Xynosine Spray x1",125.00
"Noaline-P Nasal Drops 30Ml x1",125.00
"Coferb Drops 20Ml x1",268.00
"Brufen 200 Mg 1 Strip",43.64
"Brufen Ds Susp 90Ml x1",114.48
"Nuberol Forte 650Mg Tablet 1 Strip",58.13
"Panadol Drops 30Mlx1",93.50
"Panadol Cf Day x1",58.77
"Panadol Extend 665Mg 1 Strip",74.17
"Panadol Extra Tablet 1 Strip",50.00
"Panadol Forte Syrup 90Ml x1",98.97
"Panadol Liquid 120Ml x1",143.00
"Panadol Night 500/25Mg Tablet 1 Strip",115.20
"Panadol Tablet 500Mg 1 Strip",32.04
"Ponstan Forte 500 Mg Tablet 1 Strip",54.75
"Ponstan Tablet 250Gm 1 Strip",28.60
"Brufen Susp 120Ml X1",128.70
"Omnidol Tablet 1 Strip",39.00
"Panadol Cf Tablet 1 Strip",100.00
"Acenac Gel 20 Gm S x1",117.36
"Buscopan Plus Tablet 1 Strip",125.00
"Brexin Tablet 20Mg 1 Strip",325.00
"Caflam 50Mg Tablet 1 Strip",168.70
"Dicloran Sr-100 Tablet 1 Strip",200.00
"Inflamatix Sr Tablet x1",350.00
"Tonoflex-P Tablets 1 Strip",227.50
"Voltral 50 Tablet 1 Strip",117.88
"Voltral Emulgel 1% 20Gm",200.00
"Voltral Sr 100 Tablet X3",230.66
"Voren 50 Mg Cap 1 Strip",140.00
"Voren 75 Mg Inj 1 injection",53.89
"Voren Sr 100 Mg Tablet 1 Strip",135.57
"Ansaid 100Mg 1 Strip",127.33
"Voren 50Mg Tablet 1 Strip",109.99
"One Step Rapid Test 1 Strip",30.00
"Happy Life Pregnancy Strip 1 Strip",69.00
"Peditral Sachet O/F 30Gm 1s",28.86
"Deltacortril Enteric Tablets 5 Mg x1",441.25
"Deltacortril Tablets 5 Mg 1 Tablet",3.13
"Amax Drops x1",554.00
"Evion 200Mg Cap 1 Strip",67.90
"Evion 400Mg Cap 1 Strip",107.80
"Evion 600Mg Cap 1 Strip",153.40
"Fefolvit Cap 1 Strip",91.58
"Herbiotics Biotin Plus 2500 mcg 60s",1650.00
"High-C 1000 1s",17.00
"Indrop D.Inj x1",284.00
"Kidzvits 30'S Bottle x1",925.00
"Kidzvits 50 S Bottle x1",1265.00
"Lysovit Syrup 120Ml x1",170.00
"Neurobion Tablet x10",138.87
"Nutrifactor Bio Grow Gummies 30'S x1",850.00
"Nutrifactor Biotin Plus 2500Mcg 30'S x1",1150.00
"Nutrifactor Gluta Fair x1",3000.00
"Nutrifactor Normega 500 Softgel 60S x1",1850.00
"Nutrifactor Tryception 30'S 1 Strip",563.33
"Qalsium-D Chewable Tablet x1",229.28
"Surbex Syrup 120Mlx1",151.00
"Surbex T Tablet 30S x1",262.00
"Surbex -Z 30S x1",400.00
"Vitamax One A Day Multi 30'S x1 New",1200.00
"Vitamax Women One A Day 60'S x1",1890.00
"Qalsium D Orange",229.28
"Gloves Latex - L / 100 Pcs / Box",12.49
"Gloves Latex - S",13.00
"Tropicana Slim Monk Fruit Sweetener 50'S",795.00
"Tropicana Stevia Slim Stevia Sweetener 100-Tablet",1029.00
"Tropicana Stevia Slim Stevia Sweetner 50 Sachet 125Gm",2069.00
"Tropicana Stevia Slim Sweetener 250G",1845.00
"Citralka Syrup 120Ml x1",137.60
"Tamsolin 0.4Mg 1 Strip",704.00
"Tamsolin Plus 0.4Mg+0.5Mg 1 Strip",1210.00
"Abbott Ensure Powder Choc 850G x1",5830.00
"Abbott Ensure Powder Nutrivigor 400Gm x1",3615.00
"Abbott Ensure Powder Vanilla 850 Gm x1",5659.00
"Nestle Cerelac 3 Fruit 350G Pk x1",865.00
"Nestle Cerelac App Pr Straw 175Gm",535.00
"Nestle Cerelac Red Fruite 175Gm x1",535.00
"Nestle Cerelac Rice 175G Pk x1",449.00
"Nestle Cerelac Wheat 350G Pk x1",865.00
"Prep Up Wheat-Milk-Fruit 175Gm",559.00
"Nestle Cerelac Wheat 175G Pk X1",445.00
"Nestle Cerelac Nature Pomgrnat 175G X1",615.00
"Prep Up Rice 175 Gm",439.00
"Abbott Similac Isomil 400Gm x1",2950.00
"Abbott Similac Neosure 370 Gm x1",3130.00
"Abbott Similac Total Comfort Stage-1 360Gm x1",2890.00
"Abbott Similac Total Comfort Stage-2 360Gm x1",2890.00
"Cow And Gate Stage 1 400 Gm x1",2089.00
"Meiji Fmt 400Gm x1",2349.00
"Meiji Fmt 900 x1",4999.00
"Meiji Fu 400G x1",2349.00
"Meiji Fu 900G x1",4999.00
"Morinaga Bf -1 400 Gm x1",2519.00
"Morinaga Bf 2 Soft Pack 300Gm",1389.00
"Morinaga Bf 2 Soft Pack 600Gm",2720.00
"Morinaga Bf 2 Soft Pack 900Gm",3809.00
"Morinaga Bf 3 Growing Up 300Gm Soft Pack x1",1159.00
"Morinaga Bf 4 Chill School Vanilla 900 G Soft Pack x1",3360.00
"Morinaga Bf Cs 600 Gm Chocolate x1",2260.00
"Morinaga Bf Cs 4 Vanilla Sp 300 Gm x1",1140.00
"Morinaga Bf-1 900 Gm x1",5449.00
"Morinaga Bf-3 400Gm x1",2680.00
"Morinaga Bf-3 600 Gm Pack x1",2280.00
"Morinaga Bf-3 900Gm x1",5769.00
"Morinaga Cs 4 Vanilla 600 Gm Sp x1",2260.00
"Morinaga Nl -33 Lactose Free Formula x1 350Gm",2680.00
"Nestle Lactogen 1 200Gm",695.00
"Abbott Pediasure Triplesure (V) 400G x1",3130.00
"Abbott Pediasure Triplsure (S) 400Gm x1",3130.00
"Pediasure Powder Strawberry 850Gm x1",6340.00
"Pediasure Powder V 850Gm x1",6340.00
"Pediasure Powder Vanilla 1.6 Kg x1",11335.00
"Pediasure Triple Chocolate 400Gm x1",3130.00
"Abbott Glucerna Vanilla 250Ml x1",715.00
"Gourmet Cola 2250 Ml (1X4)",165.00
"Gourmet Lemon Up2250 Ml (1X4)",165.00
"Gourmet Malta2250 Ml (1X4)",165.00
"Gourmet Twister2250 Ml (1X4)",165.00
"Pepsi Jumbo Pet Bottle 2.25Ltr (1X4)",225.00
"7Up Jumbo Pet Bottle 2.25Ltr (1X4)",215.00
"Mirinda Jumbo Pet Bottle 2.25Ltr (1X4)",225.00
"Mountain Dew Jumbo Pet Bottle 2.25Ltr (1X4)",225.00
"Mezan Cola Next 2250 Ml (1X4)",205.00
"Mezan Fizup Next 2250 Ml (1X4)",205.00
"Mezan Dare Next 2250 Ml (1X4)",205.00
"Mezan Anaar Next 2250 Ml (1X4)",205.00
"Pepsi Pet Bottle 1.5 Ltr (1X6)",169.00
"7Up 1.5Ltr (1X6)",169.00
"Mirinda Pet Bottle 1.5Ltr (1X6)",159.00
"Mountain Dew Pet Bottle 1.5Ltr (1X6)",169.00
"Coca Cola Pet Bottle 1.5Ltr (1X6)",179.00
"Sprite Pet Bottle 1.5Ltr (1X6)",179.00
"Sprite Lemon Mint 1.5Ltr (1X6)",179.00
"Fanta Orange Pet Bottle 1.5Ltr (1X6)",179.00
"Mezan Cola Next 1500 Ml (1X6)",145.00
"Mezan Fizup Next 1500 Ml (1X6)",145.00
"Mezan Anaar Next 1500 Ml (1X6)",145.00
"Mezan Rango Next 1500 Ml (1X6)",145.00
"Mezan Dare Next 1500 Ml (1X6)",145.00
"Murree Brewery Bigg Apple 1.5Ltr (1X6)",155.00
"Murree Brewery Bigg Lychee 1.5Ltr (1X6)",155.00
"Pepsi Sugar Free 1 Ltr (1X6)",95.00
"7Up Sugar Free 1 Ltr (1X6)",95.00
"Pepsi Pet Bottle 1Ltr (1X6)",139.00
"7Up Pet Bottle 1Ltr (1X6)",139.00
"Mirinda Pet Bottle 1Ltr (1X6)",139.00
"Mountain Dew Pet Bottle 1Ltr (1X6)",139.00
"Coca Cola Pet Bottle 1Ltr (1X6)",155.00
"Sprite Pet Bottle 1Ltr (1X6)",155.00
"Sprite Lemon Mint 1 Ltr (1X6)",155.00
"Fanta Orange Pet Bottle 1Ltr (1X6)",155.00
"Mezan Cola Next 1000 Ml (1X6)",105.00
"Mezan Fizup Next 1000 Ml (1X6)",105.00
"Mezan Rango Next 1000 Ml (1X6)",105.00
"Mezan Lychee Next 1000 Ml (1X6)",105.00
"Mezan Dare Next 1000 Ml (1X6)",105.00
"Mezan Anaar Next 1000 Ml (1X6)",105.00
"Murree Brewery Bigg Apple 1Ltr (1X6)",105.00
"Murree Brewery Bigg Lychee 1Ltr (1X6)",105.00
"Pepsi Pet Bottle 500 Ml. (1X12)",99.00
"7Up Pet Bottle 500 Ml (1X12)",99.00
"Mirinda Pet Bottle 500Ml (1X12)",99.00
"Mountain Dew Drink 500Ml. (1X12)",99.00
"Coca Cola Pet Drink 500Ml (1X12)",105.00
"Sprite Pet Bottle 500Ml (1X12)",105.00
"Sprite Lemon Mint Pet Bottle 500Ml (1X12)",105.00
"Fanta Pet Bottle 500Ml (1X12)",105.00
"Mezan Anaar Next 500 Ml (1X12)",69.00
"Mezan Dare Next 500 Ml (1X12)",69.00
"Mezan Fizup Next 500 Ml (1X12)",69.00
"Murree Brewery Bigg Apple 500Ml (1X12)",79.00
"Murree Brewery Lemon Malt 500Ml",99.00
"Pepsi Pet Bottle 345Ml (1X12)",69.00
"Pepsi Diet Pet Bottle 345Ml (1X12)",49.00
"Abbott Pediasure Triplesure (V) 400G x1",3130.00
"Abbott Pediasure Triplsure (S) 400Gm x1",3130.00
"Pediasure Powder Strawberry 850Gm x1",6340.00
"Pediasure Powder V 850Gm x1",6340.00
"Pediasure Powder Vanilla 1.6 Kg x1",11335.00
"Pediasure Triple Chocolate 400Gm x1",3130.00
"Abbott Glucerna Vanilla 250Ml x1",715.00
"Gourmet Cola 2250 Ml (1X4)",165.00
"Gourmet Lemon Up2250 Ml (1X4)",165.00
"Gourmet Malta2250 Ml (1X4)",165.00
"Gourmet Twister2250 Ml (1X4)",165.00
"Pepsi Jumbo Pet Bottle 2.25Ltr (1X4)",225.00
"7Up Jumbo Pet Bottle 2.25Ltr (1X4)",215.00
"Mirinda Jumbo Pet Bottle 2.25Ltr (1X4)",225.00
"Mountain Dew Jumbo Pet Bottle 2.25Ltr (1X4)",225.00
"Mezan Cola Next 2250 Ml (1X4)",205.00
"Mezan Fizup Next 2250 Ml (1X4)",205.00
"Mezan Dare Next 2250 Ml (1X4)",205.00
"Mezan Anaar Next 2250 Ml (1X4)",205.00
"Pepsi Pet Bottle 1.5 Ltr (1X6)",169.00
"7Up 1.5Ltr (1X6)",169.00
"Mirinda Pet Bottle 1.5Ltr (1X6)",159.00
"Mountain Dew Pet Bottle 1.5Ltr (1X6)",169.00
"Coca Cola Pet Bottle 1.5Ltr (1X6)",179.00
"Sprite Pet Bottle 1.5Ltr (1X6)",179.00
"Sprite Lemon Mint 1.5Ltr (1X6)",179.00
"Fanta Orange Pet Bottle 1.5Ltr (1X6)",179.00
"Mezan Cola Next 1500 Ml (1X6)",145.00
"Mezan Fizup Next 1500 Ml (1X6)",145.00
"Mezan Anaar Next 1500 Ml (1X6)",145.00
"Mezan Rango Next 1500 Ml (1X6)",145.00
"Mezan Dare Next 1500 Ml (1X6)",145.00
"Murree Brewery Bigg Apple 1.5Ltr (1X6)",155.00
"Murree Brewery Bigg Lychee 1.5Ltr (1X6)",155.00
"Pepsi Sugar Free 1 Ltr (1X6)",95.00
"7Up Sugar Free 1 Ltr (1X6)",95.00
"Pepsi Pet Bottle 1Ltr (1X6)",139.00
"7Up Pet Bottle 1Ltr (1X6)",139.00
"Mirinda Pet Bottle 1Ltr (1X6)",139.00
"Mountain Dew Pet Bottle 1Ltr (1X6)",139.00
"Coca Cola Pet Bottle 1Ltr (1X6)",155.00
"Sprite Pet Bottle 1Ltr (1X6)",155.00
"Sprite Lemon Mint 1 Ltr (1X6)",155.00
"Fanta Orange Pet Bottle 1Ltr (1X6)",155.00
"Mezan Cola Next 1000 Ml (1X6)",105.00
"Mezan Fizup Next 1000 Ml (1X6)",105.00
"Mezan Rango Next 1000 Ml (1X6)",105.00
"Mezan Lychee Next 1000 Ml (1X6)",105.00
"Mezan Dare Next 1000 Ml (1X6)",105.00
"Mezan Anaar Next 1000 Ml (1X6)",105.00
"Murree Brewery Bigg Apple 1Ltr (1X6)",105.00
"Murree Brewery Bigg Lychee 1Ltr (1X6)",105.00
"Pepsi Pet Bottle 500 Ml. (1X12)",99.00
"7Up Pet Bottle 500 Ml (1X12)",99.00
"Mirinda Pet Bottle 500Ml (1X12)",99.00
"Mountain Dew Drink 500Ml. (1X12)",99.00
"Coca Cola Pet Drink 500Ml (1X12)",105.00
"Sprite Pet Bottle 500Ml (1X12)",105.00
"Sprite Lemon Mint Pet Bottle 500Ml (1X12)",105.00
"Fanta Pet Bottle 500Ml (1X12)",105.00
"Mezan Anaar Next 500 Ml (1X12)",69.00
"Mezan Dare Next 500 Ml (1X12)",69.00
"Mezan Fizup Next 500 Ml (1X12)",69.00
"Murree Brewery Bigg Apple 500Ml (1X12)",79.00
"Murree Brewery Lemon Malt 500Ml",99.00
"Pepsi Pet Bottle 345Ml (1X12)",69.00
"Pepsi Diet Pet Bottle 345Ml (1X12)",49.00
"Coca Cola Zero Can Sugar 250Ml (1X12)",105.00
"Sprite Drink Can 250Ml",105.00
"Sprite Drink Zero Sugar Can 250Ml",109.00
"Fanta Drink Can 250Ml (1X12)",105.00
"Mezan Cola Next 250Ml Can",85.00
"Mezan Fizz-Up Next 250Ml Can",85.00
"Nestle Fruita Vitals Sparkling Apple Can 250Ml (1X12)",145.00
"Nestle Fruita Vitals Sparkling Peach Can 250Ml (1X12)",145.00
"Murree Brewery Apple Malt 250Ml",75.00
"Murree Brewery Cindy Can 250Ml (1X24)",79.00
"Murree Brewery Lemon Malt 250Ml",75.00
"Murree Brewery Lemon Malt Can 250Ml (1X24)",75.00
"Murree Brewery Malt 79 Can 250Ml (1X24)",79.00
"Murree Brewery Peach Malt Can 250Ml (1X24)",75.00
"Murree Brewery Pineapple Malt 250Ml (1X24)",75.00
"Red Bull Stimulant Drink 250Ml (1X24)",475.00
"Red Bull Sugar Free 250Ml (1X24)",475.00
"Monster Pacific Punch Energy Drink 500Ml (1X12)",875.00
"Monster Pipeline Punch Energy Drink 500Ml (1X12)",849.00
"Sting Berry Blast 300Ml. (1X12)",75.00
"Sting Berry Blast Can 250Ml (1X12)",89.00
"Sting Berry Blast Energy Drink 500Ml (1X12)",109.00
"Sting Gold Rush Energy Drink 500Ml (1X12)",99.00
"Tiger Gold Can 250Ml",125.00
"Epic Energy Drink 250Ml",179.00
"Epic Green Energy Drink 250Ml",99.00
"Epic P-Granate Energy Drink 250Ml",99.00
"Gatorade Blue Bolt 500Ml (1X6)",99.00
"Gatorade Tropical Fruit 500Ml (1X6)",99.00
"Gatorade White Light 500Ml (1X6)",99.00
"Powerfull Classic 250Ml",165.00
"Powerfull Essential 250Ml",155.00
"Powerfull Mango 250Ml",195.00
"Powerfull Peach 250Ml",195.00
"Quice Frootie Pink Guava 1000 Ml",175.00
"Quice Frootie Peach 1000 Ml",175.00
"Quice Frootie Apple 1000 Ml",175.00
"Quice Frootie Mango 1000 Ml",175.00
"Nestle Nfv Chaunsa 1Ltr (1X12)",375.00
"Nestle Fruita Vitals Peach 1Ltr",335.00
"Nestle Nfv Royal Mango 1Ltr (1X12)",375.00
"Nestle Fruita Vital Apple 1Ltr",329.00
"Nestle Nfv Guava 1Ltr (1X12)",375.00
"Nestle Fruita Vitals 100% Orange 1Ltr",379.00
"Nestle Nfv Pineapple 1Ltr (1X12)",469.00
"Nestle Fruita Vitals Kandahari Anaar 1Ltr",489.00
"Nestle Nfv Red Grapes 1Ltr (1X12)",439.00
"Haleeb Chaunsa Juice 1Ltr (1X12)",195.00
"Haleeb Apple Juice 1Ltr (1X12)",195.00
"Slice Apple Prisma Pack 1Ltr",189.00
"Slice Mango Prisma Pack 1Ltr",195.00
"Fruiti-O Mango Nectar Juice 1Ltr",319.00
"Fruiti-O Orange Nectar Juice 1Ltr",299.00
"Fruiti-O Guava Nectar Juice 1Ltr",319.00
"Fruiti-O Falsa Nectar Juice 1Ltr",389.00
"Fruiti-O Pomegranate Nectar Juice 1Ltr",389.00
"Fruiti-O Peach Fruit Drink 1Ltr",299.00
"Fruitien Red Grapes 1Ltr (1X12)",315.00
"Regal Kinnu Juice 2Ltr (1X6)",419.00
"Regal Mango Juice 2Ltr (1X6)",415.00
"Regal Lychee Juice 2Ltr (1X6)",415.00
"Fruiti-O Mango Nectar Juice 500Ml",175.00
"Fruiti-O Peach Fruit Drink 500Ml",175.00
"Fruiti-O Guava Nectar Juice 500Ml",175.00
"Fresher Guava Juice No Added Sugar 500 Ml (1X12)",119.00
"Fresher Mango Juice No Added Sugar 500 Ml (1X12)",119.00
"Fresher Apple Juice No Added Sugar 500 Ml (1X12)",119.00
"Fresher Pomegranate Juice No Added Sugar 500 Ml (1X12)",129.00
"Fruiten Chaunsa Mango Nectar 200Ml (1X24)",64.00
"Fruiten Guava Nectar 200Ml (1X24)",64.00
"Fruitien Falsa Nectar 200Ml (1X24)",64.00
"Fruitien Pomegranate Nectar Juice 200Ml (1X24)",64.00
"Mogu Mogu Pineapple Flavored Drink Nata De Coco Urdu (1X6)",299.00
"Mogu Mogu Strawberry Flavored Drink Nata De Coco Urdu 320Ml (1X6)",299.00
"Mogu Mogu Peach Flavored Drink Nata De Coco Urdu 320Ml (1X6)",299.00
"Mogu Mogu Orange Flavored Drink Nata De Coco Urdu 320Ml (1X6)",299.00
"Mogu Mogu Mango Flavored Drink Nata De Coco Urdu 320Ml (1X6)",299.00
"Mogu Mogu Lychee Flavored Drink Nata De Coco Urdu 320Ml (1X6)",299.00
"Mogu Mogu Grape Flavored Drink Nata De Coco Urdu 320Ml (1X6)",299.00
"Mogu Mogu Coconut Flavored Drink Nata De Coco Urdu 320Ml (1X6)",299.00
"Kato Peach Drink 320Ml",349.00
"Kato Strawberry Drink 320Ml",349.00
"Kato Young Coconut Drink 320Ml",349.00
"Kato Melon Coconut Drink 320Ml",349.00
"Kato Lychee Drink 320Ml",349.00
"Kato Grape Coconut Drink 320Ml",349.00
"Kato Mango Coconut Drink 320Ml",349.00
"Joiner Pineapple Juice 320Ml (1X6)",349.00
"Joiner Strawberry Juice 320Ml (1X6)",349.00
"Joiner Orange Juice 320Ml (1X6)",349.00
"Joiner Mango Juice 320Ml (1X6)",349.00
"Sipka Black Tea 450Gm",749.00
"Tapal Danedar Pillow Pack 400Gm",629.00
"Vital Tea Zipper Pack 900Gm",1469.00
"Lipton Tea Kpk 800Gm",1499.00
"Tapal Danedar Pouch 900Gm",1649.00
"Lipton Yellow Label Tea Pouch Kpk 400Gm",849.00
"Lipton Yellow Label Danedar Strong Tea 800Gm",2199.00
"Lipton Yellow Label Danedar Pouch 430Gm",1199.00
"Lipton Yellow Label Tea Pouch 350Gm",995.00
"Lipton Supreme Tea 900Gm",1795.00
"Lipton Supreme Mixture 430Gm",899.00
"Lipton Supreme Danedar Tea 475Gm",899.00
"Lipton Yellow Label Super 800G",1999.00
"Lipton Yellow Label Pouch 430Gm",1199.00
"Lipton Yellow Label Jar 430Gm Gift Jar",1299.00
"Lipton Yellow Label Jar 475Gm",1499.00
"Mezan Hardum Danedar Pouch 420Gm",835.00
"Mezan Hardum Karak Pouch 875 Gm",1399.00
"Mezan Hardum Karak Pouch 400Gm",679.00
"Mezan Ultra Rich Pouch 900Gm",1699.00
"Mezan Ultra Rich Pouch 430Gm",845.00
"Vital Tea Zipper Pack 900Gm",1469.00
"Vital Tea Economy Pack 430Gm",799.00
"Lipton Green Tea Bag Mango 25",299.00
"Lipton Green Tea Bag Peach 25",299.00
"Lipton Green Tea Bag Pineapple 25",249.00
"Lipton Green Tea Bags Plain 25",299.00
"Lipton Green Tea Berries 25",299.00
"Lipton Green Tea Lemon Honey 25",299.00
"Mezan Green Tea Lemon Jar 100Gm",299.00
"Vital Green Tea Natural Bag 30 Pcs",235.00
"Vital Jasmine Green Tea Bag 30",235.00
"Vital Lemon Green Tea Bag 30",235.00
"Vital Tea Cardimone 40 Tea Bag",239.00
"Vital Tea Chemomile 30 Tea Bag",235.00
"Vital Tea Peshawari Kawa Jar 100Gm",185.00
"Tapal Jasmine Green Tea Bag 45Gm",249.00
"Tapal Lemon Green Tea Bag 45Gm",249.00
"Tapal Elaichi Green Tea Bag 45Gm",249.00
"Tapal Mint Green Tea Bag 45Gm",249.00
"Tapal Pure Green Tea Bag 45Gm",249.00
"Tapal Strawberry Green Tea Bag 45Gm",245.00
"Tapal Tropical Peach Green Tea Bag 45Gm",249.00
"Nestle Nescafe Classic Jar 50Gm",895.00
"Nestle Nescafe Classic Jar 100Gm",1665.00
"Nestle Nescafe Gold Coffee 50Gm",999.00
"Nestle Nescafe Coffee Jar 200Gm",3499.00
"Prime Gold Coffee 45Gm",799.00
"Klassano Coffee 100 Gm",1325.00
"Klassano Coffee Classic 200Gm",3065.00
"Klassano Coffee Classic 50Gm",965.00
"Klassano Gold Coffee 100Gm",2695.00
"Klassano Gold Coffee 200Gm",4035.00
"Klassano Gold Coffee 50Gm",1475.00
"Klassano Premium Blend Coffee Classic 100Gm",1699.00
"Davidoff Coffee Rich Aroma 100G",2699.00
"Pivrifine Water 1.5Ltr (1X6)",59.00
"Aquafina Water 1.5Ltr (1X6)",79.00
"Dasani Pet Water Bottle 1.5Ltr (1X6)",109.00
"Nestle Pure Life Water 1.5Ltr (1X6)",85.00
"Pivrifine Water 1.5Ltr",59.00
"Murree Brewery Sparklett Water 1.5Ltr (1X6)",75.00
"Aquafina Water 500Ml (1X12)",49.00
"Dasani Pet Water Bottle 500Ml (1X12)",59.00
"Nestle Pure Life Water 500Ml (1X12)",55.00
"Pivrifine Water 500 Ml",30.01
"Murree Brewery Sparklett Water 500Ml (1X12)",39.00
"Big Bird Budget Pack Nuggets 1000Gm",799.00
"Euro Chicken Nuggets (Economy) 900Gm",815.00
"K&NS Nuggets Family Pack 1700Gm",2095.00
"K&NS Fun Nuggets Family Pack 1500G",1985.00
"K&NS Nuggets (Ep) 1 Kg",1299.00
"K&NS Fun Nuggets 795Gm",1145.00
"K&NS Nuggets 270Gm",469.00
"Menu Chicken Nuggets Fp 1000G",1249.00
"Menu Pop Corn Chicken Fp 780Gm",1189.00
"Menu Chicken Nuggets 270G",389.00
"Big Bird Classic Chicken Nuggets 880G",1195.00
"Dawn Chicken Nuggets (Eco) 1000Gm",1275.00
"Dawn Chicken Shot (Eco) 780Gm",1299.00
"Dawn Chicken Chatpatta Nuggets 750 Gm",1099.00
"Pk Chicken Nuggets (Coated) 900Gm",1075.00
"Pk Chicken Nuggets (Coated) 600Gm",825.00
"Sabroso Nuggets 820Gm",1095.00
"Mon Salwa Chicken Nuggets 900 Gms",1169.00
"Mon Salwa Chicken Nuggets 260 Gms",449.00
"Mon Salwa Crispy Chicken Shots 680 Gms",1189.00
"Pk Crispy Hot Shot 300 Gm",629.00
"Sufi Chicken Poppers 780G",1215.00
"Mon Salwa Chicken Cheese Balls (33 Pcs) 430 Gms",749.00
"Sabroso Crispy Poppers (Ep) 630 Gm",999.00
"Big Bird Budget Pack Burger Patty 960Gm",799.00
"Dawn Chicken Burger Patties Spp 1488Gm",1929.00
"Pk Zinger Burger Patty 8 Pcs",1999.00
"Dawn Chicken Burger Patties 372Gm",510.00
"Sabroso Zesty Fillet 550Gm",1089.00
"K&NS Burger Patties 1070Gm",1375.00
"Dawn Chicken Crispy Fillet 8 Pcs Poly Bag 920 Gm",1899.00
"Mon Salwa Crispy Chicken Burger (18 Pcs) 1000 Gms",1299.00
"Sabroso Saver Burger Patty 1 Kg",929.00
"Sufi Chicken Tenders 675Gm",1255.00
"Sufi Xinger Patties 550G",1299.00
"K&NS Hot Tender E.P 780Gm",1335.00
"Delicious Bite Frank Furter Sausages 320Gm",645.00
"Delicious Bite Frank Furter Cheesse Sausages 320Gm",645.00
"Delicious Bite Chicken Jumbo Sausages 270Gm",499.00
"Delicious Bite Frank Furter Jumbo Sausages 270Gm",645.00
"Delicious Bite Chicken Sausages 320Gm",635.00
"Delicious Bite Frank Furter Low Fat Sausages 320Gm",499.00
"Delicious Bite Chicken Cheesse Sausages 320Gm",635.00
"Euro Chicken Cheese Sausages 320Gm",499.00
"Euro Chicken Jumbo Sausages 280Gm",675.00
"Euro Chicken Low Fat Sausages 320Gm",675.00
"Euro Chicken Sausages 320Gm",499.00
"Euro Frankfurter Cheese Sausages 320Gm",679.00
"Euro Frankfurter Hunter Sausages 320Gm",675.00
"Euro Frankfurter Jumbo Sausages 280Gm",675.00
"Euro Frankfurter Low Fat Sausages 320Gm",675.00
"Euro Frankfurter Sausages 320 Gm",499.00
"K&NS Deline Chicken Frank Sausge With Chesee Mini 700Gm",1209.00
"K&NS Deline Jumbo Frank Sausage Chesee & Onion 740Gm",1245.00
"K&NS Deline Jumbo Frank Susage Jalapeno 740 Gm",1245.00
"K&NS Frankfuter Sausages 720Gm",1209.00
"K&NS Breakfast Sausages With Herb 720Gm",1209.00
"Big Bird Crunchy Chicken Drumsticks 1100Gm",1095.00
"Big Bird Oriental Chicken Pops 740G",1185.00
"Pk Crispy Wings 800 Gm",1169.00
"Sabroso Wingers 600 Gm",895.00
"K&NS Chicken Tempura 660Gm",1235.00
"Big Bird Chicken Jalapeno 1250Gm",1595.00
"Big Bird Budget Pack Chicken Seekh Kabab 900Gm",899.00
"K&N'S Seekh Kabab (Ep) 540Gm",1135.00
"Dawn Chicken Seekh Kabab (Eco) 540Gm",1120.00
"Sufi Gola Kabab 515G",1135.00
"Pk Beef Seekh Kabab 540Gm",1169.00
"Dawn Chicken Kofta (Eco) 700Gm",1120.00
"Menu Kofta 500Gm",779.00
"K&N'S Kofta 340 Gm",545.00
"K&N'S Kofta 850 Gm",1379.00
"K&N'S Shami Kabab (Ep) 648Gm",1099.00
"K&N'S Croquettes (Ep) 1Kg",1329.00
"Dawn Tikka Topping 500Gm",1195.00
"Mon Salwa Chicken Chunks 500 Gms",879.00
"K&N'S Chicken Tikka Chunks 700 Gm",1225.00
"K&N'S Topping'Z N Fillingz Fajita 650Gm",1359.00
"K&N'S Topping'Z N Fillingz Tikka 650Gm",1359.00
"Mon Salwa Chicken Samosa (30 Pcs) 480 Gms",949.00
"Sabroso Crispy Chicken Strips 600Gm",1055.00
"Sufi Vegetable Samosa 420G",535.00
"Mon Salwa Cheese Samosa (20 Pcs) 340 Gms",659.00
"Menu Chicken Samosa 240G",395.00
"K&N'S Samosa 420GM",875.00
"Mon Salwa Chicken Spring Roll (20 Pcs) 700 Gms",1159.00
"Hbk Plain Paratha 20 Pc'S 1600Gms",735.00
"Hbk Plain Paratha 5 Pcs 400Gms",175.00
"Hbk Aaloo Paratha 3 Pcs. 360 Gms",185.00
"Dawn Aaloo Pratha 360Gm",275.00
"Mon Salwa Aloo Paratha (04 Pcs) 400 Gms",310.00
"Menu Chicken Paratha (4Pcs) 480Gm",489.00
"Hbk Whole Wheat Paratha 5 Pcs 400Gms",195.00
"Dawn Whole Wheat Paratha 400Gm 5 Pcs",259.00
"Menu Whole Wheat Paratha 5 Pcs 400Gm",259.00
"K&N'S Whole Chappy Chicken Without Giblet 1100Gm",949.00
"Sufi Whole Chicken Without Skin 1000G",1225.00
"K&N'S Boneless Handi 500G",659.00
"K&N'S Drumsticks 1Kg",849.00
"K&N'S Breast Fillet 500G",659.00
"Sufi Breast Fillet 500G",799.00
"Pk Spring Chicken Fillet 900Gm",1045.00
"K&N'S Tender Breast 700Gm",935.00
"Menu Frozen Mince Meat 500Gm",769.00
"Sabroso Breast Qeema 500Gm",749.00
"K&N'S Qeema Extra Lean 500Gm",659.00
"Sufi Premium Qeema 500G",715.00
"Big Bird Classic Chicken Wings 945G",1365.00
"K&N'S Combo Wings (Ep) 850Gm",1239.00
"Sabroso Wings 1Kg",839.00
"Sufi Wings 1000G",1015.00
"K&N'S Wings 1Kg",799.00
"Big Bird Budget Pack Chicken Fries 990Gm",799.00
"Opa Chunky 2Kg",1599.00
"Opa Crinkle Fries 2Kg",1545.00
"Opa Original Fries Value Pack 2Kg",1545.00
"Opa Super Chunky Fries 2Kg",1545.00
"Opa Crinkle Fries 1Kg",815.00
"Opa Original Fries 1Kg",799.00
"Opa Chunky Fries 1Kg",799.00
"Opa Super Chunky 1Kg",815.00
"Value Potato Fries Straight Cut 9X9 2 Kg",865.00
"Opa Garden Peas 500 Gm",349.00
"Opa Peas 1Kg",685.00
"Fresh St Garden Peas 450Gm",389.00
"Opa Sweet Corn 500Gm",365.00
"Opa Sweet Corn 1Kg",699.00
"Opa 3 Way Mix Vegetable 500Gm",275.00
"Haleeb Uht Milk 250Ml (1X27)",72.00
"Milkfields Uht Milk 250Ml (1X27)",75.37
"Milkfields Uht Milk 1000Ml (1X12)",280.00
"Olpers Uht Milk 1.5 Ltr (1X8)",475.00
"Olpers Ecolean Milk 250Ml",84.00
"Olpers Uht Milk 250Ml",85.00
"Olpers Uht Milk 1Ltr",325.00
"Olpers Uht Milk 1.5 Ltr",475.00
"Olpers Procal 1Ltr",349.00
"Olpers Procal 200Ml",85.00
"Nestle Milk Pak Uht Milk 250Ml",82.00
"Nestle Milk Pak Uht Milk 1Ltr",345.00
"Nesvita Low Fat Milk 1Ltr",369.00
"Nesvita Low Fat Milk 200Ml",88.00
"Nurpur 125 Ml Eco",53.00
"Nurpur 250 Ml Eco",85.00
"Nurpur 250 Ml Tba",85.00
"Nurpur Dairy Cream Milk 1 Ltr",335.00
"Nurpur Dairy Cream Milk 1.5 Ltr",499.00
"Haleeb Uht Full Cream Milk 1 Ltr",315.00
"Haleeb Uht Milk 250Ml",72.00
"Haleeb Asli Uht Milk 250Ml",69.00
"Haleeb Asli Uht Milk 1000Ml (1X12)",275.00
"Dayfresh Uht Milk 1Ltr Lactose Free",335.00
"Dayfresh Strawbery Flavored Milk 225Ml",85.00
"Dayfresh Pista Zafran Flavored Milk 225Ml",85.00
"Dayfresh Banana Flavored Milk 225Ml",85.00
"Dayfresh Chocolate Flavoured Milk 225Ml",85.00
"Dayfresh Mango Flavored Milk 225Ml",85.00
"Dayfresh Belgian Chocolate Flavored Milk 225Ml",139.00
"Dayfresh Hazelnut Flavored Milk 225Ml",139.00
"Dayfresh Salted Caramel Flavored Milk 225Ml",139.00
"Olpers Flavoured Milk Choco 180Ml",89.00
"Olpers Flavoured Milk Mango 180Ml",89.00
"Olpers Flavoured Milk Strawberry 180Ml",89.00
"Olpers Flavoured Milk Badam Zafran 180Ml",89.00
"Prema Milk Chocolate 180Ml",125.00
"Prema Badam Zafran Milk 180Ml",115.00
"Nestle Milo Rtd 180Ml",99.00
"Nestle Nescafe Chilled Mocha 220Ml",159.00
"Nurpur Flavour Milk Chocolate 180Ml",89.00
"Nurpur Flavour Milk Badam Zafran 180Ml",89.00
"Nurpur Flavour Milk Strawbry 180Ml",89.00
"Nestle Everyday Mixed Tea 230Gm",469.00
"Nestle Everyday Original 350Gm",709.00
"Nestle Everyday Original 560G",1125.00
"Nestle Everyday Original 850Gm",1695.00
"Nestle Nido Fcmp 800Gm",2149.00
"Olpers Full Cream Milk Powder 390Gm",1075.00
"Olpers Full Cream Milk Powder 800Gm",2045.00
"Millac Vitacals Instant Milk Powder 390Gm",799.00
"Millac Vitacals Instant Milk Powder 910Gm",1749.00
"Millac Tea Whitner Powder 390 Gm",709.00
"Millac Tea Whitner Powder 850Gm",1485.00
"Skimillac Instant Milk Powder 900Gm",1985.00
"Millac Gro Milk Powder 900G",1525.00
"Nurpur Butter Slighty Salted 200Gm",575.00
"Nurpur Butter Salted 200Gm",575.00
"Nurpur Butter 100G",325.00
"Adam'S Salted Butter 100Gm",295.00
"Adam'S Salted Butter 200Gm",525.00
"Adam'S White Butter 1Kg",2525.20
"Nestle Milkpak Butter 100Gm",279.00
"Nestle Milkpak Butter 200Gm",495.00
"Nestle Milkpak Butter Unsalted 200G",495.00
"Prema Butter Plain 190Gm",575.00
"Fresh St Butter Salted 100Gm",449.00
"Fresh St Butter Salted 200Gm",849.00
"Fresh St Butter Unsalted 100Gm",475.00
"Fresh St Butter Unsalted 200Gm",849.00
"Lurpak Butter Salted 200G",1149.00
"Lurpak Butter Unsalted 200G",1149.00
"Lurpak Spreadable Un-Salted 400 Gm",2249.00
"Lurpak Butter Salted 10Gm",689.00
"Blue Band Margerine 180Gm",289.00
"Blue Band Margerine Tub 235Gm",475.00
"Blue Band Margerine Tub 475Gm",725.00
"Blue Band Margerine Tub 700Gm",935.00
"Flora Original Spread Pk 250G",586.67
"Flora Original Spread Pk 500G",1124.45
"Nestle Sweet & Tasty Yogurt 400Gm",249.00
"Nestle Yogurt Unsweetened 400Gm",245.00
"Nestle Zeera Raita 220Gm",169.00
"Nestle Mint Raita 220Gm",169.00
"Adam'S Zeera Raita 200Gm",129.00
"Adams Mint (Podina) Raita 200Gm",129.00
"Prema Mango Flavoured Yogurt 90Gm",99.00
"Prema Flavoured Yogurt Banana 90Gm",99.00
"Prema Chunky Blueberry Yogurt 90Gm",119.00
"Prema Chunky Peach Yogurt 90Gm",119.00
"Nestle Laban 350Ml",222.22
"Adam'S Sweet Lassi 225Ml",99.00
"Adam'S Namkeen Lassi 225Ml",99.00
"Prema Salted Laban 180Ml",125.00
"Prema Sweet Laban 180Ml",125.00
"Prema Strawberry Flavored Laban 180Ml",125.00
"Prema Mango Laban 180Ml",125.00
"Farmer'S Cheese Yellow Processed Cheddar Slices 200 Gm",499.00
"Farmer'S Cheese Orange Processed Cheddar' 200 Gm",499.00
"Farmer'S Cheese Orange Processed Cheddar' Slices 200 Gm",499.00
"Farmer'S Cheese Yellow Processed Cheddar 200 Gm",499.00
"Adam'S Cheddar Cheese 200 Gm",599.00
"Adam'S Chadder Cheese 400Gm",1159.00
"Adam'S Mozrella Cheese 200Gm",659.00
"Swiss Cream Orange Jar 280 Gm",505.00
"Swiss Cream Starwberry Jar 280 Gm",505.00
"Swiss Cream Chocolate Jar 280 Gm",505.00
"Puck Cream Cheese Spread 240 G",1115.00
"Swiss Cheddar Cream Cheese 250Gm",649.00
"HBK Milky Bread Large",219.00
"HBK Plain Bread Large",219.00
